"Transfer # : 32,316 To Stock Point : EAST SHEEN - E05 - 4 On 03/03/2014  13:42:08",Stock Point : EAST SHEEN - E05 - 4,,,,,Helen,337 Upper Richmond Road West,East Sheen,London,SW14 8QR
1115,,assorted mens shirts,16,£6.99,,,,,,
3596,,*childrens picture horse and cow,6,£0.49,,,,,,
4302,,old nvy sq neck tunic brwn,5,£2.99,,,,,,
4303,,old nvy sq neck tunic khaki,5,£2.99,,,,,,
4367,,plastic watering jug neon,4,£0.99,,,,,,
4371,,oriental/blossom glass candle 2 ast,12,£0.99,,,,,,
4380,,plastic bulldog keyring neon,6,£0.99,,,,,,
4384,,birdcage 6x4 photo frame neon,6,£2.99,,,,,,
4387,,single letter metal hook,6,£0.99,,,,,,
4394,,ornate frame neon,6,£2.49,,,,,,
4432,,puzzle 3D dinosaurs,8,£0.99,,,,,,
4459,,so exciting body spray (send out in 6),6,£0.29,,,,,,
4466,,so what ETD 20 ml spray (send out in 6),12,£0.99,,,,,,
4506,,Chuggington bubble bath (12)d,6,£0.59,,,,,,
4693,,Grey tweed short sleeve dress,4,£7.99,,,,,,
4694,,Purple tweed short sleeve dress,14,£7.99,,,,,,
4697,,blk or purple wrap long sleeve dress,11,£7.99,,,,,,
4701,,Black peter pan collar l/s dress,16,£7.99,,,,,,
4708,,Rope knit round neck jumper,3,£6.99,,,,,,
4710,,Grey jumper with white lace front,6,£6.99,,,,,,
4712,,Plum strap drape tunic top,24,£3.99,,,,,,
4714,,Blue button up smock blouse,72,£2.99,,,,,,
4715,,Yellow button up smock blouse,80,£2.99,,,,,,
4716,,Red button up smock blouse,25,£2.99,,,,,,
4922,,go go puzzle notebook,4,£0.99,,,,,,
9708,,Chalk (4),4,£0.59,,,,,,
