"Transfer # : 31,311 To Stock Point : HASLEMERE On 02/12/2013  14:33:45",Stock Point : HASLEMERE,,,,,The Manager,10/12 petworth Road,Haslemere,,Gu27 2HR
1103,,Puzzle Erasers (24) D (6),24,£0.99,,,,,,
1365,,clear glass sweet jar(12)D,12,£0.99,,,,,,
3741,,wooden incense box 10 incense (singles),6,£1.49,,,,,,
3744,,4 asst luxury 30 pack incense (12),6,£1.49,,,,,,
3745,,asst 20 pack incense sticks (24),12,£0.39,,,,,,
3828,,icecream pen + lipgloss (24)D,24,£0.69,,,,,,
3997,,Rimmel nailpolish (36) FB,36,£1.29,,,,,,
4001,,sleek assorted nailpolish FB (36),36,£0.99,,,,,,
4015,,square glass tea light holder(6) D,6,£0.79,,,,,,
4160,,xmas santa letter + pouch,4,£0.89,,,,,,
4289,,R. Dahl fantastic mr fox book,8,£0.99,,,,,,
4348,,scratch and colour craft set,4,£0.99,,,,,,
4349,,craftset 6 assorted activities,4,£0.99,,,,,,
4350,,dot-dot 3D craftset 5 pieces PP,4,£1.19,,,,,,
4351,,bag of marbles galaxy theme 6 ast  colours,6,£0.99,,,,,,
4352,,watercolour paint set 18 colour in set,4,£0.99,,,,,,
4356,,bath duck12 ast colours,6,£1.19,,,,,,
4412,,wooden whistle train,4,£1.19,,,,,,
4431,,pack 6 felt tip pens,4,£0.59,,,,,,
4432,,puzzle 3D dinosaurs,4,£0.99,,,,,,
4434,,treasure kit 9 assorted,4,£0.99,,,,,,
4442,,magic tricks 4 assorted,4,£1.19,,,,,,
4494,,Miffy mechanical pencil (40)d,40,£0.39,,,,,,
