"Transfer # : 31,298 To Stock Point : STREATHAM - S85 - 9 On 02/12/2013  13:26:07",Stock Point : STREATHAM - S85 - 9,,,,,The Manager,242 Streatham High Road,London,England,SW16 1BB
3393,,Moroccan Coloured glass tealight Holder (12) D,12,£1.29,,,,,,
3985,,Rose Napkin Holder (4),4,£0.99,,,,,,
4335,,ast colour star tree deco 4 pk,6,£1.29,,,,,,
4348,,scratch and colour craft set,4,£0.99,,,,,,
4349,,craftset 6 assorted activities,2,£0.99,,,,,,
4350,,dot-dot 3D craftset 5 pieces PP,2,£1.19,,,,,,
4358,,glass jar 3 ast colours 12cm,24,£0.99,,,,,,
4454,,so des take me away travel set (send out in 3),3,£1.99,,,,,,
4456,,so kiss me travel set (SEND IN 3`S),3,£1.99,,,,,,
4457,,so kiss me all over ETD100ml spray (send out in 4`,3,£5.29,,,,,,
4459,,so exciting body spray (send out in 6),6,£0.59,,,,,,
4460,,so exciting ETD 30 ml spray (send out in 3),3,£2.66,,,,,,
4464,,so exciting 3 peice box set lip (send in 3`s),3,£2.66,,,,,,
4466,,so what ETD 20 ml spray (send out in 6),6,£1.99,,,,,,
4468,,so him body spray (send out in 6),6,£0.86,,,,,,
4470,,so him max shower gel (send out in 6),6,£0.86,,,,,,
4474,,my love ETD 30ml spray (send out in 4),4,£2.66,,,,,,
4477,,my love ETD 50ml spray (send out in 3),6,£3.99,,,,,,
4479,,you and me 30ml EDT spray (send out in 4),8,£2.66,,,,,,
4483,,you and me ETD 50ml spray (send out in 3),3,£3.99,,,,,,
4484,,first kiss body spray (send out in 6),6,£0.59,,,,,,
4485,,first kiss ETD 30ml spray (send out in 3),3,£2.66,,,,,,
4486,,lost in love shower gel (send out in 4),4,£0.86,,,,,,
4489,,lost in love 50ml ETD spray (send out in 3),3,£3.29,,,,,,
